{
  "ep_length_mean": [
    25.0,
    25.0
  ],
  "ep_length_mean_T": [
    25,
    10025
  ],
  "epsilon": [
    1.0,
    0.81
  ],
  "epsilon_T": [
    25,
    10025
  ],
  "grad_norm": [
    2.2430355548858643,
    6.015685081481934
  ],
  "grad_norm_T": [
    800,
    10800
  ],
  "loss": [
    1.1731972694396973,
    1.264488697052002
  ],
  "loss_T": [
    800,
    10800
  ],
  "q_taken_mean": [
    -0.01009527842203776,
    0.19558412339952258
  ],
  "q_taken_mean_T": [
    800,
    10800
  ],
  "return_mean": [
    {
      "dtype": "float64",
      "py/object": "numpy.float64",
      "value": 0.0
    },
    {
      "dtype": "float64",
      "py/object": "numpy.float64",
      "value": 39.675
    }
  ],
  "return_mean_T": [
    25,
    10025
  ],
  "return_std": [
    {
      "dtype": "float64",
      "py/object": "numpy.float64",
      "value": 0.0
    },
    {
      "dtype": "float64",
      "py/object": "numpy.float64",
      "value": 61.72636693504648
    }
  ],
  "return_std_T": [
    25,
    10025
  ],
  "target_mean": [
    0.08335074530707465,
    0.31843875461154514
  ],
  "target_mean_T": [
    800,
    10800
  ],
  "td_error_abs": [
    0.4307560221354167,
    0.5345056660970052
  ],
  "td_error_abs_T": [
    800,
    10800
  ],
  "test_ep_length_mean": [
    25.0
  ],
  "test_ep_length_mean_T": [
    25
  ],
  "test_return_mean": [
    {
      "dtype": "float64",
      "py/object": "numpy.float64",
      "value": 36.0
    }
  ],
  "test_return_mean_T": [
    25
  ],
  "test_return_std": [
    {
      "dtype": "float64",
      "py/object": "numpy.float64",
      "value": 57.86190456595773
    }
  ],
  "test_return_std_T": [
    25
  ]
}