{
  "advantage_mean": [
    0.06349201456705729,
    0.11222576904296876,
    -0.12133187866210937,
    0.670244140625,
    0.2193131306966146,
    0.21897137451171875,
    1.3585543619791667,
    -0.35764359537760415,
    -0.6865958658854167,
    0.7370157063802083,
    0.32971553548177085,
    0.15540677897135416,
    -0.22256901041666666,
    -0.22929754638671876,
    -0.4754685465494792,
    -0.29308319091796875,
    0.337300048828125,
    0.9408080240885417,
    -0.10200119018554688,
    -0.3921851806640625,
    0.1495151163736979,
    0.17357706705729167,
    -1.1914656575520832,
    -0.4060361328125,
    1.0221209309895833,
    0.6736504313151042,
    0.21418292236328124,
    -0.15594586181640624
  ],
  "advantage_mean_T": [
    250,
    10250,
    20250,
    30250,
    40250,
    50250,
    60250,
    70250,
    80250,
    90250,
    100250,
    110250,
    120250,
    130250,
    140250,
    150250,
    160250,
    170250,
    180250,
    190250,
    200250,
    210250,
    220250,
    230250,
    240250,
    250250,
    260250,
    270250
  ],
  "agent_grad_norm": [
    0.3074112832546234,
    0.40297001600265503,
    0.2821943163871765,
    0.3179587423801422,
    0.3702780604362488,
    0.29914590716362,
    0.590665340423584,
    0.5687201619148254,
    0.29185402393341064,
    0.5184615254402161,
    0.526516318321228,
    0.3630307614803314,
    1.020350456237793,
    0.8414810299873352,
    0.43453168869018555,
    0.577307939529419,
    0.965356171131134,
    1.024388313293457,
    1.0261812210083008,
    1.0146808624267578,
    0.9727734327316284,
    1.2299546003341675,
    1.168068766593933,
    1.4784176349639893,
    1.341107964515686,
    1.277396559715271,
    1.368703007698059,
    1.0876247882843018
  ],
  "agent_grad_norm_T": [
    250,
    10250,
    20250,
    30250,
    40250,
    50250,
    60250,
    70250,
    80250,
    90250,
    100250,
    110250,
    120250,
    130250,
    140250,
    150250,
    160250,
    170250,
    180250,
    190250,
    200250,
    210250,
    220250,
    230250,
    240250,
    250250,
    260250,
    270250
  ],
  "critic_grad_norm": [
    0.7548393607139587,
    1.0077694654464722,
    2.2761216163635254,
    4.913615703582764,
    2.8063085079193115,
    4.916209697723389,
    14.830404281616211,
    6.565084934234619,
    9.309284210205078,
    12.709219932556152,
    10.221105575561523,
    8.373703002929688,
    18.161653518676758,
    21.011014938354492,
    19.73674774169922,
    14.657827377319336,
    24.846437454223633,
    38.77552795410156,
    14.597426414489746,
    38.75567626953125,
    29.299001693725586,
    29.595745086669922,
    62.802520751953125,
    41.6007194519043,
    76.80630493164062,
    58.4920768737793,
    52.115787506103516,
    81.55412292480469
  ],
  "critic_grad_norm_T": [
    250,
    10250,
    20250,
    30250,
    40250,
    50250,
    60250,
    70250,
    80250,
    90250,
    100250,
    110250,
    120250,
    130250,
    140250,
    150250,
    160250,
    170250,
    180250,
    190250,
    200250,
    210250,
    220250,
    230250,
    240250,
    250250,
    260250,
    270250
  ],
  "critic_loss": [
    7.360847473144531,
    7.9120965003967285,
    10.83348560333252,
    12.543869972229004,
    10.525605201721191,
    9.349725723266602,
    23.14048957824707,
    8.952515602111816,
    6.981967449188232,
    21.251466751098633,
    20.7463436126709,
    10.044559478759766,
    12.13697624206543,
    23.737031936645508,
    10.1751070022583,
    7.835611820220947,
    15.52726936340332,
    25.011634826660156,
    16.473390579223633,
    16.97380256652832,
    23.650592803955078,
    22.153888702392578,
    21.782926559448242,
    35.799381256103516,
    39.55464172363281,
    25.185110092163086,
    29.12095832824707,
    37.81492233276367
  ],
  "critic_loss_T": [
    250,
    10250,
    20250,
    30250,
    40250,
    50250,
    60250,
    70250,
    80250,
    90250,
    100250,
    110250,
    120250,
    130250,
    140250,
    150250,
    160250,
    170250,
    180250,
    190250,
    200250,
    210250,
    220250,
    230250,
    240250,
    250250,
    260250,
    270250
  ],
  "ep_length_mean": [
    25.0,
    25.0,
    25.0,
    25.0,
    25.0,
    25.0,
    25.0,
    25.0,
    25.0,
    25.0,
    25.0,
    25.0,
    25.0,
    25.0,
    25.0,
    25.0,
    25.0,
    25.0,
    25.0,
    25.0,
    25.0,
    25.0,
    25.0,
    25.0,
    25.0,
    25.0,
    25.0,
    25.0
  ],
  "ep_length_mean_T": [
    250,
    10250,
    20250,
    30250,
    40250,
    50250,
    60250,
    70250,
    80250,
    90250,
    100250,
    110250,
    120250,
    130250,
    140250,
    150250,
    160250,
    170250,
    180250,
    190250,
    200250,
    210250,
    220250,
    230250,
    240250,
    250250,
    260250,
    270250
  ],
  "episode": [
    2000,
    4000,
    6000,
    8000,
    10000
  ],
  "episode_T": [
    50000,
    100000,
    150000,
    200000,
    250000
  ],
  "pg_loss": [
    -0.08233316242694855,
    -0.12175253033638,
    0.11848463118076324,
    -0.6766318082809448,
    -0.22728461027145386,
    -0.22294169664382935,
    -1.3692623376846313,
    0.34780263900756836,
    0.6833335757255554,
    -0.7528279423713684,
    -0.3449995219707489,
    -0.16360196471214294,
    0.18561799824237823,
    0.20728714764118195,
    0.4657023847103119,
    0.27136412262916565,
    -0.34578874707221985,
    -0.9744879603385925,
    0.08260955661535263,
    0.3704602122306824,
    -0.15891863405704498,
    -0.2003348022699356,
    1.1677260398864746,
    0.38162532448768616,
    -1.0401902198791504,
    -0.6823969483375549,
    -0.2505512237548828,
    0.12901926040649414
  ],
  "pg_loss_T": [
    250,
    10250,
    20250,
    30250,
    40250,
    50250,
    60250,
    70250,
    80250,
    90250,
    100250,
    110250,
    120250,
    130250,
    140250,
    150250,
    160250,
    170250,
    180250,
    190250,
    200250,
    210250,
    220250,
    230250,
    240250,
    250250,
    260250,
    270250
  ],
  "pi_max": [
    0.21758683268229168,
    0.2878990885416667,
    0.4978476155598958,
    0.6979842122395833,
    0.39837849934895836,
    0.36534724934895835,
    0.451315185546875,
    0.42142338053385414,
    0.524753662109375,
    0.47839404296875,
    0.5524119466145834,
    0.580622802734375,
    0.4740830891927083,
    0.5251847737630209,
    0.6923564453125,
    0.6670146077473958,
    0.7357902018229167,
    0.7118955078125,
    0.748737060546875,
    0.741753173828125,
    0.7353670247395834,
    0.8052176920572917,
    0.7996775716145833,
    0.7742569986979166,
    0.774564697265625,
    0.774357421875,
    0.7726144205729166,
    0.80134130859375
  ],
  "pi_max_T": [
    250,
    10250,
    20250,
    30250,
    40250,
    50250,
    60250,
    70250,
    80250,
    90250,
    100250,
    110250,
    120250,
    130250,
    140250,
    150250,
    160250,
    170250,
    180250,
    190250,
    200250,
    210250,
    220250,
    230250,
    240250,
    250250,
    260250,
    270250
  ],
  "q_taken_mean": [
    0.14485243733723957,
    -0.21851896158854167,
    0.26390067545572915,
    -0.13745916748046874,
    0.35430362955729167,
    -0.01306165568033854,
    0.838765625,
    0.453473388671875,
    0.09717628987630209,
    2.340311197916667,
    3.5069069010416665,
    1.178090576171875,
    2.8568255208333335,
    3.0481533203125,
    -2.079685546875,
    0.8635377604166666,
    2.2833102213541667,
    7.595596354166666,
    6.216600911458333,
    5.451313802083333,
    10.555526041666667,
    7.221411458333334,
    3.88414453125,
    8.6267578125,
    13.2767890625,
    10.877684895833333,
    12.139463541666666,
    12.704505208333334
  ],